<?xml version="1.0" encoding="utf-8"?>
<!--
  ~ @package   plg_ajax_flyandexturbo
  ~ @version   3.3.4
  ~ @author    Dmitriy Vasyukov - https://fictionlabs.ru
  ~ @copyright Copyright (c) 2022 Fictionlabs. All rights reserved.
  ~ @license   GNU/GPL license: http://www.gnu.org/copyleft/gpl.html
  ~ @link      https://fictionlabs.ru/
  -->

<extension version="4.2" type="plugin" group="ajax" method="upgrade">
    <name>FL Yandex Turbo</name>
    <author>Dmitriy Vasyukov</author>
    <creationDate>August 2024</creationDate>
    <copyright>Copyright 2020 FictionLabs. All rights reserved</copyright>
    <license>http://opensource.org/licenses/GPL-2.0 GNU/GPLv2 only</license>
    <authorEmail>info@fictionlabs.ru</authorEmail>
    <authorUrl>https://fictionlabs.ru</authorUrl>
    <version>3.3.4</version>
    <description>PLG_FLYANDEXTURBO_DESC</description>
    <scriptfile>script.php</scriptfile>
    <files>
        <filename plugin="flyandexturbo">flyandexturbo.php</filename>
        <filename>index.html</filename>
        <folder>language</folder>
        <folder>fields</folder>
        <folder>plugins</folder>
        <folder>renderer</folder>
        <folder>subform</folder>
        <folder>tmpl</folder>
    </files>
    <updateservers>
        <server type="extension" name="FL Yandex Turbo Plugin" priority="1">
            https://fictionlabs.ru/update?extension=plg_ajax_flyandexturbo
        </server>
    </updateservers>
    <languages>
        <language tag="ru-RU">language/ru-RU/plg_ajax_flyandexturbo.ini</language>
        <language tag="ru-RU">language/ru-RU/plg_ajax_flyandexturbo.sys.ini</language>
    </languages>
    <config>
        <fields name="params">
            <fieldset name="basic" addfieldpath="/plugins/ajax/flyandexturbo/fields">
                <field name="channel_code" type="flinfo"/>
                <field name="init" type="flinit"/>
            </fieldset>

            <fieldset name="main">
                <field name="channel_title" type="text" default=""
                       label="PLG_FLYANDEXTURBO_TITLE_LABEL"
                       description="PLG_FLYANDEXTURBO_TITLE_DESC"
                       hint="PLG_FLYANDEXTURBO_TITLE_LABEL"/>

                <field name="channel_description" type="text" default=""
                       label="PLG_FLYANDEXTURBO_DESC_LABEL"
                       description="PLG_FLYANDEXTURBO_DESC_DESC"
                       hint="PLG_FLYANDEXTURBO_DESC_LABEL"/>

                <field name="channel_language" type="text" default=""
                       label="PLG_FLYANDEXTURBO_LANG_LABEL"
                       description="PLG_FLYANDEXTURBO_LANG_DESC"
                       hint="PLG_FLYANDEXTURBO_LANG_LABEL"/>

                <field name="items_author" type="radio" default="1"
                       class="btn-group btn-group-yesno"
                       label="PLG_FLYANDEXTURBO_AUTHOR_LABEL"
                       description="PLG_FLYANDEXTURBO_AUTHOR_DESC">
                    <option value="0">PLG_FLYANDEXTURBO_AUTHOR_SET</option>
                    <option value="1">PLG_FLYANDEXTURBO_AUTHOR_ITEM</option>
                    <option value="2">PLG_FLYANDEXTURBO_AUTHOR_NONE</option>
                </field>

                <field name="items_author_name" type="text" default=""
                       label="PLG_FLYANDEXTURBO_AUTHOR_NAME_LABEL"
                       description="PLG_FLYANDEXTURBO_AUTHOR_NAME_DESC"
                       showon="items_author:0"
                       hint="PLG_FLYANDEXTURBO_AUTHOR_NAME_LABEL"/>

                <field name="items_date" type="radio" default="1"
                       class="btn-group btn-group-yesno"
                       label="PLG_FLYANDEXTURBO_DATE_LABEL"
                       description="PLG_FLYANDEXTURBO_DATE_DESC">
                    <option value="0">JNO</option>
                    <option value="1">JYES</option>
                </field>

                <field name="items_tags" type="list"
                       default="h1,h2,h3,h4,h5,h6,div,p,img,a,table,th,tr,td,figure,ul,li"
                       label="PLG_FLYANDEXTURBO_TAGS_LABEL"
                       description="PLG_FLYANDEXTURBO_TAGS_DESC"
                       multiple="true"
                       class="form-select-color-state">
                    <option value="h1">h1</option>
                    <option value="h2">h2</option>
                    <option value="h3">h3</option>
                    <option value="h4">h4</option>
                    <option value="h5">h5</option>
                    <option value="h6">h6</option>
                    <option value="div">div</option>
                    <option value="p">p</option>
                    <option value="a">a</option>
                    <option value="img">img</option>
                    <option value="source">source</option>
                    <option value="table">table</option>
                    <option value="tr">tr</option>
                    <option value="th">th</option>
                    <option value="td">td</option>
                    <option value="figure">figure</option>
                    <option value="br">br</option>
                    <option value="hr">hr</option>
                    <option value="ul">ul</option>
                    <option value="ol">ol</option>
                    <option value="li">li</option>
                    <option value="b">b</option>
                    <option value="strong">strong</option>
                    <option value="i">i</option>
                    <option value="s">s</option>
                    <option value="em">em</option>
                    <option value="sup">sup</option>
                    <option value="sub">sub</option>
                    <option value="ins">ins</option>
                    <option value="del">del</option>
                    <option value="small">small</option>
                    <option value="big">big</option>
                    <option value="pre">pre</option>
                    <option value="abbr">abbr</option>
                    <option value="u">u</option>
                    <option value="iframe">iframe</option>
                    <option value="dl">dl</option>
                    <option value="dd">dd</option>
                    <option value="dt">dt</option>
                    <option value="video">video</option>
                    <option value="code">code</option>
                    <option value="blockquote">blockquote</option>
                </field>

                <field name="note_item_social" type="note" label="PLG_FLYANDEXTURBO_SHARE_INFO_LABEL"
                       description="PLG_FLYANDEXTURBO_SHARE_DESC"/>

                <field name="items_social" type="radio" default="1"
                       class="btn-group btn-group-yesno"
                       label="PLG_FLYANDEXTURBO_SHARE_LABEL"
                       description="PLG_FLYANDEXTURBO_SHARE_DESC">
                    <option value="0">JNO</option>
                    <option value="1">JYES</option>
                </field>

                <field name="items_social_options" type="list"
                       default="facebook,google,odnoklassniki,telegram,twitter,vkontakte"
                       label="PLG_FLYANDEXTURBO_PROVIDER_LABEL"
                       description="PLG_FLYANDEXTURBO_PROVIDER_DESC"
                       showon="items_social:1"
                       multiple="true"
                       class="form-select-color-state">
                    <option value="facebook">Facebook</option>
                    <option value="google">Google</option>
                    <option value="odnoklassniki">Odnoklassniki</option>
                    <option value="telegram">Telegram</option>
                    <option value="twitter">Twitter</option>
                    <option value="vkontakte">Vkontakte</option>
                </field>

                <field name="note_item_analitics" type="note" label="PLG_FLYANDEXTURBO_ANALITIC_INFO_LABEL"
                       description="PLG_FLYANDEXTURBO_ANALITIC_INFO_DESC"/>

                <field name="items_analitics" type="radio" default="0"
                       class="btn-group btn-group-yesno"
                       label="PLG_FLYANDEXTURBO_ANALITIC_LABEL"
                       description="PLG_FLYANDEXTURBO_ANALITIC_DESC">
                    <option value="0">JNO</option>
                    <option value="1">JYES</option>
                </field>

                <field name="items_analitics_options"
                       type="subform"
                       formsource="/plugins/ajax/flyandexturbo/subform/analitics.xml"
                       min="1"
                       max="5"
                       multiple="true"
                       layout="joomla.form.field.subform.repeatable-table"
                       groupByFieldset="false"
                       label="PLG_FLYANDEXTURBO_ANALITIC_SYSTEM_LABEL"
                       showon="items_analitics:1"
                       buttons="add,remove"
                       description="PLG_FLYANDEXTURBO_ANALITIC_SYSTEM_DESC"/>

                <field name="note_item_ads" type="note" label="PLG_FLYANDEXTURBO_ADS_INFO_LABEL"
                       description="PLG_FLYANDEXTURBO_ADS_INFO_DESC"/>

                <field name="items_advertisement" type="radio" default="0"
                       class="btn-group btn-group-yesno"
                       label="PLG_FLYANDEXTURBO_ADS_LABEL"
                       description="PLG_FLYANDEXTURBO_ADS_DESC">
                    <option value="0">JNO</option>
                    <option value="1">JYES</option>
                </field>

                <field name="items_advertisement_options"
                       type="subform"
                       formsource="/plugins/ajax/flyandexturbo/subform/advertisement.xml"
                       min="1"
                       max="2"
                       multiple="true"
                       layout="joomla.form.field.subform.repeatable-table"
                       groupByFieldset="false"
                       label="PLG_FLYANDEXTURBO_ADS_OPTIONS_LABEL"
                       showon="items_advertisement:1"
                       buttons="add,remove"
                       description="PLG_FLYANDEXTURBO_ADS_OPTIONS_DESC"/>

                <field name="items_advertisement_content" type="radio" default="0"
                       class="btn-group btn-group-yesno"
                       label="PLG_FLYANDEXTURBO_ADS_CONTENT_LABEL"
                       description="PLG_FLYANDEXTURBO_ADS_CONTENT_DESC"
                       showon="items_advertisement:1">
                    <option value="0">JNO</option>
                    <option value="1">JYES</option>
                </field>

                <field name="items_advertisement_content_count" type="text" default=""
                       label="PLG_FLYANDEXTURBO_ADS_CONTENT_COUNT_LABEL"
                       description="PLG_FLYANDEXTURBO_ADS_CONTENT_COUNT_DESC"
                       hint="PLG_FLYANDEXTURBO_ADS_CONTENT_COUNT_LABEL"
                       showon="items_advertisement_content:1[AND]items_advertisement:1"/>

                <field name="note_item_callback" type="note" label="PLG_FLYANDEXTURBO_CALLBACK_INFO_LABEL"
                       description="PLG_FLYANDEXTURBO_CALLBACK_INFO_DESC"/>

                <field name="items_callback" type="radio" default="0"
                       class="btn-group btn-group-yesno"
                       label="PLG_FLYANDEXTURBO_CALLBACK_LABEL"
                       description="PLG_FLYANDEXTURBO_CALLBACK_DESC">
                    <option value="0">JNO</option>
                    <option value="1">JYES</option>
                </field>

                <field name="items_callback_stick" type="list" default=""
                       label="PLG_FLYANDEXTURBO_CALLBACK_STICK_LABEL"
                       description="PLG_FLYANDEXTURBO_CALLBACK_STICK_DESC"
                       hint="PLG_FLYANDEXTURBO_CALLBACK_STICK_LABEL"
                       class="form-select-color-state">
                    <option value="left">PLG_FLYANDEXTURBO_CALLBACK_STICK_LEFT</option>
                    <option value="right">PLG_FLYANDEXTURBO_CALLBACK_STICK_RIGHT</option>
                    <option value="false">PLG_FLYANDEXTURBO_CALLBACK_STICK_FALSE</option>
                </field>

                <field name="items_callback_title" type="text" default=""
                       showon="items_callback_stick:false"
                       label="PLG_FLYANDEXTURBO_CALLBACK_TITLE_LABEL"
                       description="PLG_FLYANDEXTURBO_CALLBACK_TITLE_DESC"
                       hint="PLG_FLYANDEXTURBO_CALLBACK_TITLE_LABEL"/>

                <field name="items_callback_options"
                       type="subform"
                       formsource="/plugins/ajax/flyandexturbo/subform/callback.xml"
                       min="1"
                       multiple="true"
                       layout="joomla.form.field.subform.repeatable-table"
                       groupByFieldset="false"
                       label="PLG_FLYANDEXTURBO_CALLBACK_OPTIONS_LABEL"
                       showon="items_callback:1"
                       buttons="add,remove"
                       description="PLG_FLYANDEXTURBO_CALLBACK_OPTIONS_DESC"/>

                <field name="note_item_form" type="note" label="PLG_FLYANDEXTURBO_FORM_INFO_LABEL"
                       description="PLG_FLYANDEXTURBO_FORM_INFO_DESC"/>

                <field name="items_form" type="radio" default="0"
                       class="btn-group btn-group-yesno"
                       label="PLG_FLYANDEXTURBO_FORM_LABEL"
                       description="PLG_FLYANDEXTURBO_FORM_DESC">
                    <option value="0">JNO</option>
                    <option value="1">JYES</option>
                </field>

                <field name="items_form_type" type="radio" default="item"
                       class="btn-group btn-group-yesno"
                       label="PLG_FLYANDEXTURBO_FORM_TYPE_LABEL"
                       description="PLG_FLYANDEXTURBO_FORM_TYPE_DESC">
                    <option value="item">PLG_FLYANDEXTURBO_FORM_TYPE_ITEM</option>
                    <option value="button">PLG_FLYANDEXTURBO_FORM_TYPE_BUTTON</option>
                </field>

                <field name="items_form_email" type="email" default=""
                       label="PLG_FLYANDEXTURBO_FORM_EMAIL_LABEL"
                       description="PLG_FLYANDEXTURBO_FORM_EMAIL_DESC"/>

                <field name="items_form_company" type="text" default=""
                       label="PLG_FLYANDEXTURBO_FORM_COMPANY_LABEL"
                       description="PLG_FLYANDEXTURBO_FORM_COMPANY_DESC"/>

                <field name="items_form_link" type="text" default=""
                       label="PLG_FLYANDEXTURBO_FORM_LINK_LABEL"
                       description="PLG_FLYANDEXTURBO_FORM_LINK_DESC"/>

                <field name="items_form_bgcolor" type="text" default=""
                       showon="items_form_type:button"
                       label="PLG_FLYANDEXTURBO_FORM_BGCOLOR_LABEL"
                       description="PLG_FLYANDEXTURBO_FORM_BGCOLOR_DESC"/>

                <field name="items_form_color" type="text" default=""
                       showon="items_form_type:button"
                       label="PLG_FLYANDEXTURBO_FORM_COLOR_LABEL"
                       description="PLG_FLYANDEXTURBO_FORM_COLOR_DESC"/>

                <field name="items_form_text" type="text" default=""
                       showon="items_form_type:button"
                       label="PLG_FLYANDEXTURBO_FORM_TEXT_LABEL"
                       description="PLG_FLYANDEXTURBO_FORM_TEXT_DESC"/>

                <field name="items_form_bold" type="radio" default="0"
                       showon="items_form_type:button"
                       class="btn-group btn-group-yesno"
                       label="PLG_FLYANDEXTURBO_FORM_BOLD_LABEL"
                       description="PLG_FLYANDEXTURBO_FORM_BOLD_DESC">
                    <option value="0">JNO</option>
                    <option value="1">JYES</option>
                </field>

            </fieldset>

            <fieldset name="pro">
                <field name="note_pro_edit" type="note" label="PLG_FLYANDEXTURBO_PRO_EDIT_LABEL"/>

                <field name="enable_figcaption" type="radio" default="0"
                       class="btn-group btn-group-yesno"
                       label="PLG_FLYANDEXTURBO_ENABLE_FIGCAPTION_LABEL"
                       description="PLG_FLYANDEXTURBO_ENABLE_FIGCAPTION_DESC">
                    <option value="0">JNO</option>
                    <option value="1">JYES</option>
                </field>

                <field name="enable_clean" type="radio" default="0"
                       class="btn-group btn-group-yesno"
                       label="PLG_FLYANDEXTURBO_ENABLE_CLEAN_LABEL"
                       description="PLG_FLYANDEXTURBO_ENABLE_CLEAN_DESC">
                    <option value="0">JNO</option>
                    <option value="1">JYES</option>
                </field>

                <field name="enable_clean_braces" type="radio" default="0"
                       class="btn-group btn-group-yesno"
                       label="PLG_FLYANDEXTURBO_ENABLE_CLEAN_BRACES_LABEL"
                       description="PLG_FLYANDEXTURBO_ENABLE_CLEAN_BRACES_DESC">
                    <option value="0">JNO</option>
                    <option value="1">JYES</option>
                </field>

                <field name="enable_remove_h1" type="radio" default="0"
                       class="btn-group btn-group-yesno"
                       label="PLG_FLYANDEXTURBO_ENABLE_REMOVE_H1_LABEL"
                       description="PLG_FLYANDEXTURBO_ENABLE_REMOVE_H1_DESC">
                    <option value="0">JNO</option>
                    <option value="1">JYES</option>
                </field>

                <field name="enable_remove_anchor" type="radio" default="0"
                       class="btn-group btn-group-yesno"
                       label="PLG_FLYANDEXTURBO_ENABLE_REMOVE_ANCHOR_LABEL"
                       description="PLG_FLYANDEXTURBO_ENABLE_REMOVE_ANCHOR_DESC">
                    <option value="0">JNO</option>
                    <option value="1">JYES</option>
                </field>

                <field name="enable_remove" type="radio" default="0"
                       class="btn-group btn-group-yesno"
                       label="PLG_FLYANDEXTURBO_ENABLE_REMOVE_LABEL"
                       description="PLG_FLYANDEXTURBO_ENABLE_REMOVE_DESC">
                    <option value="0">JNO</option>
                    <option value="1">JYES</option>
                </field>

                <field
                        name="remove_classes"
                        type="text"
                        label="PLG_FLYANDEXTURBO_REMOVE_CLASSES_LABEL"
                        description="PLG_FLYANDEXTURBO_REMOVE_CLASSES_DESC"
                        showon="enable_remove:1"
                />

                <field
                        name="remove_ids"
                        type="text"
                        label="PLG_FLYANDEXTURBO_REMOVE_IDS_LABEL"
                        description="PLG_FLYANDEXTURBO_REMOVE_IDS_DESC"
                        showon="enable_remove:1"
                />

                <field name="enable_utm" type="radio" default="0"
                       class="btn-group btn-group-yesno"
                       label="PLG_FLYANDEXTURBO_ENABLE_UTM_LABEL"
                       description="PLG_FLYANDEXTURBO_ENABLE_UTM_DESC">
                    <option value="0">JNO</option>
                    <option value="1">JYES</option>
                </field>

                <field
                        name="utm_tags"
                        type="text"
                        label="PLG_FLYANDEXTURBO_UTM_TAGS_LABEL"
                        description="PLG_FLYANDEXTURBO_UTM_TAGS_DESC"
                        default="utm_source=flyandexturbo"
                        showon="enable_utm:1"
                />

                <field name="enable_replace" type="radio" default="0"
                       class="btn-group btn-group-yesno"
                       label="PLG_FLYANDEXTURBO_ENABLE_REPLACE_LABEL"
                       description="PLG_FLYANDEXTURBO_ENABLE_REPLACE_DESC">
                    <option value="0">JNO</option>
                    <option value="1">JYES</option>
                </field>

                <field name="replace_tags" type="list"
                       label="PLG_FLYANDEXTURBO_REPLACE_LABEL"
                       description="PLG_FLYANDEXTURBO_REPLACE_DESC"
                       multiple="true"
                       showon="enable_replace:1"
                       class="form-select-color-state">
                    <option value="section">section</option>
                    <option value="article">article</option>
                    <option value="main">main</option>
                    <option value="nav">nav</option>
                </field>

                <field name="note_pro_settings" type="note" label="PLG_FLYANDEXTURBO_PRO_SETTINGS_LABEL"/>

                <field name="enable_force_ssl" type="radio" default="0"
                       class="btn-group btn-group-yesno"
                       label="PLG_FLYANDEXTURBO_ENABLE_FORCED_SSL_LABEL"
                       description="PLG_FLYANDEXTURBO_ENABLE_FORCED_SSL_DESC">
                    <option value="0">JNO</option>
                    <option value="1">JYES</option>
                </field>

                <field name="enable_cache" type="radio" default="0"
                       class="btn-group btn-group-yesno"
                       label="PLG_FLYANDEXTURBO_ENABLE_CACHE_LABEL"
                       description="PLG_FLYANDEXTURBO_ENABLE_CACHE_DESC">
                    <option value="0">JNO</option>
                    <option value="1">JYES</option>
                </field>

                <field
                        name="cache_time"
                        type="text"
                        label="PLG_FLYANDEXTURBO_CACHE_TIME_LABEL"
                        description="PLG_FLYANDEXTURBO_CACHE_TIME_DESC"
                        default="1440"
                        showon="enable_cache:1"
                />

                <field name="enable_plugins" type="radio" default="0"
                       class="btn-group btn-group-yesno"
                       label="PLG_FLYANDEXTURBO_ENABLE_PLUGINS_LABEL"
                       description="PLG_FLYANDEXTURBO_ENABLE_PLUGINS_DESC">
                    <option value="0">JNO</option>
                    <option value="1">JYES</option>
                </field>

                <field name="note_pro_mode" type="note" label="PLG_FLYANDEXTURBO_PRO_MODE_LABEL"/>

                <field name="enable_random" type="radio" default="0"
                       class="btn-group btn-group-yesno"
                       label="PLG_FLYANDEXTURBO_ENABLE_RANDOM_LABEL"
                       description="PLG_FLYANDEXTURBO_ENABLE_RANDOM_DESC">
                    <option value="0">JNO</option>
                    <option value="1">JYES</option>
                </field>

                <field name="disable_feed" type="radio" default="0"
                       class="btn-group btn-group-yesno"
                       label="PLG_FLYANDEXTURBO_DISABLE_FEED_LABEL"
                       description="PLG_FLYANDEXTURBO_DISABLE_FEED_DESC">
                    <option value="0">JNO</option>
                    <option value="1">JYES</option>
                </field>
            </fieldset>

            <fieldset name="content">
                <field name="content_options"
                       type="subform"
                       formsource="/plugins/ajax/flyandexturbo/subform/plugins/com_content.xml"
                       layout="joomla.form.field.subform.default"
                       label="PLG_FLYANDEXTURBO_CONTENT_OPTIONS_LABEL"
                       description="PLG_FLYANDEXTURBO_CONTENT_OPTIONS_DESC"
                       labelclass="hidden"/>
            </fieldset>

            <fieldset name="zoo">
                <field name="zoo_options"
                       type="subform"
                       formsource="/plugins/ajax/flyandexturbo/subform/plugins/com_zoo.xml"
                       layout="joomla.form.field.subform.default"
                       label="PLG_FLYANDEXTURBO_ZOO_OPTIONS_LABEL"
                       description="PLG_FLYANDEXTURBO_ZOO_OPTIONS_DESC"
                       labelclass="hidden"/>
            </fieldset>

            <fieldset name="custom">
                <field name="custom_options"
                       type="subform"
                       formsource="/plugins/ajax/flyandexturbo/subform/plugins/com_custom.xml"
                       layout="joomla.form.field.subform.default"
                       label="PLG_FLYANDEXTURBO_CUSTOM_PAGES_LABEL"
                       labelclass="hidden"
                       filter="raw"/>
            </fieldset>

            <fieldset name="jshopping">
                <field name="jshopping_options"
                       type="subform"
                       formsource="/plugins/ajax/flyandexturbo/subform/plugins/com_jshopping.xml"
                       layout="joomla.form.field.subform.default"
                       label="PLG_FLYANDEXTURBO_JSHOPPING_OPTIONS_LABEL"
                       description="PLG_FLYANDEXTURBO_JSHOPPING_OPTIONS_DESC"
                       labelclass="hidden"/>
            </fieldset>

            <fieldset name="virtuemart">
                <field name="virtuemart_options"
                       type="subform"
                       formsource="/plugins/ajax/flyandexturbo/subform/plugins/com_virtuemart.xml"
                       layout="joomla.form.field.subform.default"
                       label="PLG_FLYANDEXTURBO_VIRTUEMART_OPTIONS_LABEL"
                       description="PLG_FLYANDEXTURBO_VIRTUEMART_OPTIONS_DESC"
                       labelclass="hidden"/>
            </fieldset>

            <fieldset name="jkassa">
                <field name="jkassa_options"
                       type="subform"
                       formsource="/plugins/ajax/flyandexturbo/subform/plugins/com_jkassa.xml"
                       layout="joomla.form.field.subform.default"
                       label="PLG_FLYANDEXTURBO_JKASSA_OPTIONS_LABEL"
                       description="PLG_FLYANDEXTURBO_JKASSA_OPTIONS_DESC"
                       labelclass="hidden"/>
            </fieldset>

            <fieldset name="djclassifieds">
                <field name="djclassifieds_options"
                       type="subform"
                       formsource="/plugins/ajax/flyandexturbo/subform/plugins/com_djclassifieds.xml"
                       layout="joomla.form.field.subform.default"
                       label="PLG_FLYANDEXTURBO_DJCLASSIFIEDS_OPTIONS_LABEL"
                       description="PLG_FLYANDEXTURBO_DJCLASSIFIEDS_OPTIONS_DESC"
                       labelclass="hidden"/>
            </fieldset>

            <fieldset name="easyblog">
                <field name="easyblog_options"
                       type="subform"
                       formsource="/plugins/ajax/flyandexturbo/subform/plugins/com_easyblog.xml"
                       layout="joomla.form.field.subform.default"
                       label="PLG_FLYANDEXTURBO_EASYBLOG_OPTIONS_LABEL"
                       description="PLG_FLYANDEXTURBO_EASYBLOG_OPTIONS_DESC"
                       labelclass="hidden"/>
            </fieldset>
        </fields>
    </config>
</extension>